/Users/anastasia/Documents/paris-assets/BHVP_PH_CetaitParis_DP_0122_01_JPG-quality-20/BHVP_PH_CetaitParis_DP_0122_01_028.jpg,/Users/anastasia/Documents/paris-assets/122-renamed/14_photo.jpg
/Users/anastasia/Documents/paris-assets/BHVP_PH_CetaitParis_DP_0122_01_JPG-quality-20/BHVP_PH_CetaitParis_DP_0122_01_014.jpg,/Users/anastasia/Documents/paris-assets/122-renamed/7_photo.jpg
/Users/anastasia/Documents/paris-assets/BHVP_PH_CetaitParis_DP_0122_01_JPG-quality-20/BHVP_PH_CetaitParis_DP_0122_01_148.jpg,/Users/anastasia/Documents/paris-assets/122-renamed/74_photo.jpg
/Users/anastasia/Documents/paris-assets/BHVP_PH_CetaitParis_DP_0122_01_JPG-quality-20/BHVP_PH_CetaitParis_DP_0122_01_174.jpg,/Users/anastasia/Documents/paris-assets/122-renamed/87_photo.jpg
/Users/anastasia/Documents/paris-assets/BHVP_PH_CetaitParis_DP_0122_01_JPG-quality-20/BHVP_PH_CetaitParis_DP_0122_01_160.jpg,/Users/anastasia/Documents/paris-assets/122-renamed/80_photo.jpg
/Users/anastasia/Documents/paris-assets/BHVP_PH_CetaitParis_DP_0122_01_JPG-quality-20/BHVP_PH_CetaitParis_DP_0122_01_161.jpg,/Users/anastasia/Documents/paris-assets/122-renamed/81_slide.jpg
/Users/anastasia/Documents/paris-assets/BHVP_PH_CetaitParis_DP_0122_01_JPG-quality-20/BHVP_PH_CetaitParis_DP_0122_01_175.jpg,/Users/anastasia/Documents/paris-assets/122-renamed/88_slide.jpg
/Users/anastasia/Documents/paris-assets/BHVP_PH_CetaitParis_DP_0122_01_JPG-quality-20/BHVP_PH_CetaitParis_DP_0122_01_149.jpg,/Users/anastasia/Documents/paris-assets/122-renamed/75_slide.jpg
/Users/anastasia/Documents/paris-assets/BHVP_PH_CetaitParis_DP_0122_01_JPG-quality-20/BHVP_PH_CetaitParis_DP_0122_01_015.jpg,/Users/anastasia/Documents/paris-assets/122-renamed/8_slide.jpg
/Users/anastasia/Documents/paris-assets/BHVP_PH_CetaitParis_DP_0122_01_JPG-quality-20/BHVP_PH_CetaitParis_DP_0122_01_001.jpg,/Users/anastasia/Documents/paris-assets/122-renamed/1_slide.jpg
/Users/anastasia/Documents/paris-assets/BHVP_PH_CetaitParis_DP_0122_01_JPG-quality-20/BHVP_PH_CetaitParis_DP_0122_01_029.jpg,/Users/anastasia/Documents/paris-assets/122-renamed/15_slide.jpg
/Users/anastasia/Documents/paris-assets/BHVP_PH_CetaitParis_DP_0122_01_JPG-quality-20/BHVP_PH_CetaitParis_DP_0122_01_017.jpg,/Users/anastasia/Documents/paris-assets/122-renamed/9_slide.jpg
/Users/anastasia/Documents/paris-assets/BHVP_PH_CetaitParis_DP_0122_01_JPG-quality-20/BHVP_PH_CetaitParis_DP_0122_01_003.jpg,/Users/anastasia/Documents/paris-assets/122-renamed/2_slide.jpg
/Users/anastasia/Documents/paris-assets/BHVP_PH_CetaitParis_DP_0122_01_JPG-quality-20/BHVP_PH_CetaitParis_DP_0122_01_188.jpg,/Users/anastasia/Documents/paris-assets/122-renamed/94_photo.jpg
/Users/anastasia/Documents/paris-assets/BHVP_PH_CetaitParis_DP_0122_01_JPG-quality-20/BHVP_PH_CetaitParis_DP_0122_01_163.jpg,/Users/anastasia/Documents/paris-assets/122-renamed/82_slide.jpg
/Users/anastasia/Documents/paris-assets/BHVP_PH_CetaitParis_DP_0122_01_JPG-quality-20/BHVP_PH_CetaitParis_DP_0122_01_177.jpg,/Users/anastasia/Documents/paris-assets/122-renamed/89_slide.jpg
/Users/anastasia/Documents/paris-assets/BHVP_PH_CetaitParis_DP_0122_01_JPG-quality-20/BHVP_PH_CetaitParis_DP_0122_01_176.jpg,/Users/anastasia/Documents/paris-assets/122-renamed/88_photo.jpg
/Users/anastasia/Documents/paris-assets/BHVP_PH_CetaitParis_DP_0122_01_JPG-quality-20/BHVP_PH_CetaitParis_DP_0122_01_162.jpg,/Users/anastasia/Documents/paris-assets/122-renamed/81_photo.jpg
/Users/anastasia/Documents/paris-assets/BHVP_PH_CetaitParis_DP_0122_01_JPG-quality-20/BHVP_PH_CetaitParis_DP_0122_01_002.jpg,/Users/anastasia/Documents/paris-assets/122-renamed/1_photo.jpg
/Users/anastasia/Documents/paris-assets/BHVP_PH_CetaitParis_DP_0122_01_JPG-quality-20/BHVP_PH_CetaitParis_DP_0122_01_016.jpg,/Users/anastasia/Documents/paris-assets/122-renamed/8_photo.jpg
/Users/anastasia/Documents/paris-assets/BHVP_PH_CetaitParis_DP_0122_01_JPG-quality-20/BHVP_PH_CetaitParis_DP_0122_01_012.jpg,/Users/anastasia/Documents/paris-assets/122-renamed/6_photo.jpg
/Users/anastasia/Documents/paris-assets/BHVP_PH_CetaitParis_DP_0122_01_JPG-quality-20/BHVP_PH_CetaitParis_DP_0122_01_006.jpg,/Users/anastasia/Documents/paris-assets/122-renamed/3_photo.jpg
/Users/anastasia/Documents/paris-assets/BHVP_PH_CetaitParis_DP_0122_01_JPG-quality-20/BHVP_PH_CetaitParis_DP_0122_01_166.jpg,/Users/anastasia/Documents/paris-assets/122-renamed/83_photo.jpg
/Users/anastasia/Documents/paris-assets/BHVP_PH_CetaitParis_DP_0122_01_JPG-quality-20/BHVP_PH_CetaitParis_DP_0122_01_172.jpg,/Users/anastasia/Documents/paris-assets/122-renamed/86_photo.jpg
/Users/anastasia/Documents/paris-assets/BHVP_PH_CetaitParis_DP_0122_01_JPG-quality-20/BHVP_PH_CetaitParis_DP_0122_01_173.jpg,/Users/anastasia/Documents/paris-assets/122-renamed/87_slide.jpg
/Users/anastasia/Documents/paris-assets/BHVP_PH_CetaitParis_DP_0122_01_JPG-quality-20/BHVP_PH_CetaitParis_DP_0122_01_167.jpg,/Users/anastasia/Documents/paris-assets/122-renamed/84_slide.jpg
/Users/anastasia/Documents/paris-assets/BHVP_PH_CetaitParis_DP_0122_01_JPG-quality-20/BHVP_PH_CetaitParis_DP_0122_01_007.jpg,/Users/anastasia/Documents/paris-assets/122-renamed/4_slide.jpg
/Users/anastasia/Documents/paris-assets/BHVP_PH_CetaitParis_DP_0122_01_JPG-quality-20/BHVP_PH_CetaitParis_DP_0122_01_013.jpg,/Users/anastasia/Documents/paris-assets/122-renamed/7_slide.jpg
/Users/anastasia/Documents/paris-assets/BHVP_PH_CetaitParis_DP_0122_01_JPG-quality-20/BHVP_PH_CetaitParis_DP_0122_01_005.jpg,/Users/anastasia/Documents/paris-assets/122-renamed/3_slide.jpg
/Users/anastasia/Documents/paris-assets/BHVP_PH_CetaitParis_DP_0122_01_JPG-quality-20/BHVP_PH_CetaitParis_DP_0122_01_011.jpg,/Users/anastasia/Documents/paris-assets/122-renamed/6_slide.jpg
/Users/anastasia/Documents/paris-assets/BHVP_PH_CetaitParis_DP_0122_01_JPG-quality-20/BHVP_PH_CetaitParis_DP_0122_01_039.jpg,/Users/anastasia/Documents/paris-assets/122-renamed/20_slide.jpg
/Users/anastasia/Documents/paris-assets/BHVP_PH_CetaitParis_DP_0122_01_JPG-quality-20/BHVP_PH_CetaitParis_DP_0122_01_171.jpg,/Users/anastasia/Documents/paris-assets/122-renamed/86_slide.jpg
/Users/anastasia/Documents/paris-assets/BHVP_PH_CetaitParis_DP_0122_01_JPG-quality-20/BHVP_PH_CetaitParis_DP_0122_01_165.jpg,/Users/anastasia/Documents/paris-assets/122-renamed/83_slide.jpg
/Users/anastasia/Documents/paris-assets/BHVP_PH_CetaitParis_DP_0122_01_JPG-quality-20/BHVP_PH_CetaitParis_DP_0122_01_159.jpg,/Users/anastasia/Documents/paris-assets/122-renamed/80_slide.jpg
/Users/anastasia/Documents/paris-assets/BHVP_PH_CetaitParis_DP_0122_01_JPG-quality-20/BHVP_PH_CetaitParis_DP_0122_01_158.jpg,/Users/anastasia/Documents/paris-assets/122-renamed/79_photo.jpg
/Users/anastasia/Documents/paris-assets/BHVP_PH_CetaitParis_DP_0122_01_JPG-quality-20/BHVP_PH_CetaitParis_DP_0122_01_164.jpg,/Users/anastasia/Documents/paris-assets/122-renamed/82_photo.jpg
/Users/anastasia/Documents/paris-assets/BHVP_PH_CetaitParis_DP_0122_01_JPG-quality-20/BHVP_PH_CetaitParis_DP_0122_01_170.jpg,/Users/anastasia/Documents/paris-assets/122-renamed/85_photo.jpg
/Users/anastasia/Documents/paris-assets/BHVP_PH_CetaitParis_DP_0122_01_JPG-quality-20/BHVP_PH_CetaitParis_DP_0122_01_038.jpg,/Users/anastasia/Documents/paris-assets/122-renamed/19_photo.jpg
/Users/anastasia/Documents/paris-assets/BHVP_PH_CetaitParis_DP_0122_01_JPG-quality-20/BHVP_PH_CetaitParis_DP_0122_01_010.jpg,/Users/anastasia/Documents/paris-assets/122-renamed/5_photo.jpg
/Users/anastasia/Documents/paris-assets/BHVP_PH_CetaitParis_DP_0122_01_JPG-quality-20/BHVP_PH_CetaitParis_DP_0122_01_004.jpg,/Users/anastasia/Documents/paris-assets/122-renamed/2_photo.jpg
/Users/anastasia/Documents/paris-assets/BHVP_PH_CetaitParis_DP_0122_01_JPG-quality-20/BHVP_PH_CetaitParis_DP_0122_01_088.jpg,/Users/anastasia/Documents/paris-assets/122-renamed/44_photo.jpg
/Users/anastasia/Documents/paris-assets/BHVP_PH_CetaitParis_DP_0122_01_JPG-quality-20/BHVP_PH_CetaitParis_DP_0122_01_063.jpg,/Users/anastasia/Documents/paris-assets/122-renamed/32_slide.jpg
/Users/anastasia/Documents/paris-assets/BHVP_PH_CetaitParis_DP_0122_01_JPG-quality-20/BHVP_PH_CetaitParis_DP_0122_01_077.jpg,/Users/anastasia/Documents/paris-assets/122-renamed/39_slide.jpg
/Users/anastasia/Documents/paris-assets/BHVP_PH_CetaitParis_DP_0122_01_JPG-quality-20/BHVP_PH_CetaitParis_DP_0122_01_117.jpg,/Users/anastasia/Documents/paris-assets/122-renamed/59_slide.jpg
/Users/anastasia/Documents/paris-assets/BHVP_PH_CetaitParis_DP_0122_01_JPG-quality-20/BHVP_PH_CetaitParis_DP_0122_01_103.jpg,/Users/anastasia/Documents/paris-assets/122-renamed/52_slide.jpg
/Users/anastasia/Documents/paris-assets/BHVP_PH_CetaitParis_DP_0122_01_JPG-quality-20/BHVP_PH_CetaitParis_DP_0122_01_102.jpg,/Users/anastasia/Documents/paris-assets/122-renamed/51_photo.jpg
/Users/anastasia/Documents/paris-assets/BHVP_PH_CetaitParis_DP_0122_01_JPG-quality-20/BHVP_PH_CetaitParis_DP_0122_01_116.jpg,/Users/anastasia/Documents/paris-assets/122-renamed/58_photo.jpg
/Users/anastasia/Documents/paris-assets/BHVP_PH_CetaitParis_DP_0122_01_JPG-quality-20/BHVP_PH_CetaitParis_DP_0122_01_076.jpg,/Users/anastasia/Documents/paris-assets/122-renamed/38_photo.jpg
/Users/anastasia/Documents/paris-assets/BHVP_PH_CetaitParis_DP_0122_01_JPG-quality-20/BHVP_PH_CetaitParis_DP_0122_01_062.jpg,/Users/anastasia/Documents/paris-assets/122-renamed/31_photo.jpg
/Users/anastasia/Documents/paris-assets/BHVP_PH_CetaitParis_DP_0122_01_JPG-quality-20/BHVP_PH_CetaitParis_DP_0122_01_089.jpg,/Users/anastasia/Documents/paris-assets/122-renamed/45_slide.jpg
/Users/anastasia/Documents/paris-assets/BHVP_PH_CetaitParis_DP_0122_01_JPG-quality-20/BHVP_PH_CetaitParis_DP_0122_01_048.jpg,/Users/anastasia/Documents/paris-assets/122-renamed/24_photo.jpg
/Users/anastasia/Documents/paris-assets/BHVP_PH_CetaitParis_DP_0122_01_JPG-quality-20/BHVP_PH_CetaitParis_DP_0122_01_074.jpg,/Users/anastasia/Documents/paris-assets/122-renamed/37_photo.jpg
/Users/anastasia/Documents/paris-assets/BHVP_PH_CetaitParis_DP_0122_01_JPG-quality-20/BHVP_PH_CetaitParis_DP_0122_01_060.jpg,/Users/anastasia/Documents/paris-assets/122-renamed/30_photo.jpg
/Users/anastasia/Documents/paris-assets/BHVP_PH_CetaitParis_DP_0122_01_JPG-quality-20/BHVP_PH_CetaitParis_DP_0122_01_128.jpg,/Users/anastasia/Documents/paris-assets/122-renamed/64_photo.jpg
/Users/anastasia/Documents/paris-assets/BHVP_PH_CetaitParis_DP_0122_01_JPG-quality-20/BHVP_PH_CetaitParis_DP_0122_01_100.jpg,/Users/anastasia/Documents/paris-assets/122-renamed/50_photo.jpg
/Users/anastasia/Documents/paris-assets/BHVP_PH_CetaitParis_DP_0122_01_JPG-quality-20/BHVP_PH_CetaitParis_DP_0122_01_114.jpg,/Users/anastasia/Documents/paris-assets/122-renamed/57_photo.jpg
/Users/anastasia/Documents/paris-assets/BHVP_PH_CetaitParis_DP_0122_01_JPG-quality-20/BHVP_PH_CetaitParis_DP_0122_01_115.jpg,/Users/anastasia/Documents/paris-assets/122-renamed/58_slide.jpg
/Users/anastasia/Documents/paris-assets/BHVP_PH_CetaitParis_DP_0122_01_JPG-quality-20/BHVP_PH_CetaitParis_DP_0122_01_101.jpg,/Users/anastasia/Documents/paris-assets/122-renamed/51_slide.jpg
/Users/anastasia/Documents/paris-assets/BHVP_PH_CetaitParis_DP_0122_01_JPG-quality-20/BHVP_PH_CetaitParis_DP_0122_01_129.jpg,/Users/anastasia/Documents/paris-assets/122-renamed/65_slide.jpg
/Users/anastasia/Documents/paris-assets/BHVP_PH_CetaitParis_DP_0122_01_JPG-quality-20/BHVP_PH_CetaitParis_DP_0122_01_061.jpg,/Users/anastasia/Documents/paris-assets/122-renamed/31_slide.jpg
/Users/anastasia/Documents/paris-assets/BHVP_PH_CetaitParis_DP_0122_01_JPG-quality-20/BHVP_PH_CetaitParis_DP_0122_01_075.jpg,/Users/anastasia/Documents/paris-assets/122-renamed/38_slide.jpg
/Users/anastasia/Documents/paris-assets/BHVP_PH_CetaitParis_DP_0122_01_JPG-quality-20/BHVP_PH_CetaitParis_DP_0122_01_049.jpg,/Users/anastasia/Documents/paris-assets/122-renamed/25_slide.jpg
/Users/anastasia/Documents/paris-assets/BHVP_PH_CetaitParis_DP_0122_01_JPG-quality-20/BHVP_PH_CetaitParis_DP_0122_01_071.jpg,/Users/anastasia/Documents/paris-assets/122-renamed/36_slide.jpg
/Users/anastasia/Documents/paris-assets/BHVP_PH_CetaitParis_DP_0122_01_JPG-quality-20/BHVP_PH_CetaitParis_DP_0122_01_065.jpg,/Users/anastasia/Documents/paris-assets/122-renamed/33_slide.jpg
/Users/anastasia/Documents/paris-assets/BHVP_PH_CetaitParis_DP_0122_01_JPG-quality-20/BHVP_PH_CetaitParis_DP_0122_01_059.jpg,/Users/anastasia/Documents/paris-assets/122-renamed/30_slide.jpg
/Users/anastasia/Documents/paris-assets/BHVP_PH_CetaitParis_DP_0122_01_JPG-quality-20/BHVP_PH_CetaitParis_DP_0122_01_105.jpg,/Users/anastasia/Documents/paris-assets/122-renamed/53_slide.jpg
/Users/anastasia/Documents/paris-assets/BHVP_PH_CetaitParis_DP_0122_01_JPG-quality-20/BHVP_PH_CetaitParis_DP_0122_01_111.jpg,/Users/anastasia/Documents/paris-assets/122-renamed/56_slide.jpg
/Users/anastasia/Documents/paris-assets/BHVP_PH_CetaitParis_DP_0122_01_JPG-quality-20/BHVP_PH_CetaitParis_DP_0122_01_139.jpg,/Users/anastasia/Documents/paris-assets/122-renamed/70_slide.jpg
/Users/anastasia/Documents/paris-assets/BHVP_PH_CetaitParis_DP_0122_01_JPG-quality-20/BHVP_PH_CetaitParis_DP_0122_01_138.jpg,/Users/anastasia/Documents/paris-assets/122-renamed/69_photo.jpg
/Users/anastasia/Documents/paris-assets/BHVP_PH_CetaitParis_DP_0122_01_JPG-quality-20/BHVP_PH_CetaitParis_DP_0122_01_110.jpg,/Users/anastasia/Documents/paris-assets/122-renamed/55_photo.jpg
/Users/anastasia/Documents/paris-assets/BHVP_PH_CetaitParis_DP_0122_01_JPG-quality-20/BHVP_PH_CetaitParis_DP_0122_01_104.jpg,/Users/anastasia/Documents/paris-assets/122-renamed/52_photo.jpg
/Users/anastasia/Documents/paris-assets/BHVP_PH_CetaitParis_DP_0122_01_JPG-quality-20/BHVP_PH_CetaitParis_DP_0122_01_058.jpg,/Users/anastasia/Documents/paris-assets/122-renamed/29_photo.jpg
/Users/anastasia/Documents/paris-assets/BHVP_PH_CetaitParis_DP_0122_01_JPG-quality-20/BHVP_PH_CetaitParis_DP_0122_01_064.jpg,/Users/anastasia/Documents/paris-assets/122-renamed/32_photo.jpg
/Users/anastasia/Documents/paris-assets/BHVP_PH_CetaitParis_DP_0122_01_JPG-quality-20/BHVP_PH_CetaitParis_DP_0122_01_070.jpg,/Users/anastasia/Documents/paris-assets/122-renamed/35_photo.jpg
/Users/anastasia/Documents/paris-assets/BHVP_PH_CetaitParis_DP_0122_01_JPG-quality-20/BHVP_PH_CetaitParis_DP_0122_01_099.jpg,/Users/anastasia/Documents/paris-assets/122-renamed/50_slide.jpg
/Users/anastasia/Documents/paris-assets/BHVP_PH_CetaitParis_DP_0122_01_JPG-quality-20/BHVP_PH_CetaitParis_DP_0122_01_066.jpg,/Users/anastasia/Documents/paris-assets/122-renamed/33_photo.jpg
/Users/anastasia/Documents/paris-assets/BHVP_PH_CetaitParis_DP_0122_01_JPG-quality-20/BHVP_PH_CetaitParis_DP_0122_01_072.jpg,/Users/anastasia/Documents/paris-assets/122-renamed/36_photo.jpg
/Users/anastasia/Documents/paris-assets/BHVP_PH_CetaitParis_DP_0122_01_JPG-quality-20/BHVP_PH_CetaitParis_DP_0122_01_112.jpg,/Users/anastasia/Documents/paris-assets/122-renamed/56_photo.jpg
/Users/anastasia/Documents/paris-assets/BHVP_PH_CetaitParis_DP_0122_01_JPG-quality-20/BHVP_PH_CetaitParis_DP_0122_01_106.jpg,/Users/anastasia/Documents/paris-assets/122-renamed/53_photo.jpg
/Users/anastasia/Documents/paris-assets/BHVP_PH_CetaitParis_DP_0122_01_JPG-quality-20/BHVP_PH_CetaitParis_DP_0122_01_107.jpg,/Users/anastasia/Documents/paris-assets/122-renamed/54_slide.jpg
/Users/anastasia/Documents/paris-assets/BHVP_PH_CetaitParis_DP_0122_01_JPG-quality-20/BHVP_PH_CetaitParis_DP_0122_01_113.jpg,/Users/anastasia/Documents/paris-assets/122-renamed/57_slide.jpg
/Users/anastasia/Documents/paris-assets/BHVP_PH_CetaitParis_DP_0122_01_JPG-quality-20/BHVP_PH_CetaitParis_DP_0122_01_073.jpg,/Users/anastasia/Documents/paris-assets/122-renamed/37_slide.jpg
/Users/anastasia/Documents/paris-assets/BHVP_PH_CetaitParis_DP_0122_01_JPG-quality-20/BHVP_PH_CetaitParis_DP_0122_01_067.jpg,/Users/anastasia/Documents/paris-assets/122-renamed/34_slide.jpg
/Users/anastasia/Documents/paris-assets/BHVP_PH_CetaitParis_DP_0122_01_JPG-quality-20/BHVP_PH_CetaitParis_DP_0122_01_098.jpg,/Users/anastasia/Documents/paris-assets/122-renamed/49_photo.jpg
/Users/anastasia/Documents/paris-assets/BHVP_PH_CetaitParis_DP_0122_01_JPG-quality-20/BHVP_PH_CetaitParis_DP_0122_01_081.jpg,/Users/anastasia/Documents/paris-assets/122-renamed/41_slide.jpg
/Users/anastasia/Documents/paris-assets/BHVP_PH_CetaitParis_DP_0122_01_JPG-quality-20/BHVP_PH_CetaitParis_DP_0122_01_095.jpg,/Users/anastasia/Documents/paris-assets/122-renamed/48_slide.jpg
/Users/anastasia/Documents/paris-assets/BHVP_PH_CetaitParis_DP_0122_01_JPG-quality-20/BHVP_PH_CetaitParis_DP_0122_01_042.jpg,/Users/anastasia/Documents/paris-assets/122-renamed/21_photo.jpg
/Users/anastasia/Documents/paris-assets/BHVP_PH_CetaitParis_DP_0122_01_JPG-quality-20/BHVP_PH_CetaitParis_DP_0122_01_056.jpg,/Users/anastasia/Documents/paris-assets/122-renamed/28_photo.jpg
/Users/anastasia/Documents/paris-assets/BHVP_PH_CetaitParis_DP_0122_01_JPG-quality-20/BHVP_PH_CetaitParis_DP_0122_01_136.jpg,/Users/anastasia/Documents/paris-assets/122-renamed/68_photo.jpg
/Users/anastasia/Documents/paris-assets/BHVP_PH_CetaitParis_DP_0122_01_JPG-quality-20/BHVP_PH_CetaitParis_DP_0122_01_122.jpg,/Users/anastasia/Documents/paris-assets/122-renamed/61_photo.jpg
/Users/anastasia/Documents/paris-assets/BHVP_PH_CetaitParis_DP_0122_01_JPG-quality-20/BHVP_PH_CetaitParis_DP_0122_01_123.jpg,/Users/anastasia/Documents/paris-assets/122-renamed/62_slide.jpg
/Users/anastasia/Documents/paris-assets/BHVP_PH_CetaitParis_DP_0122_01_JPG-quality-20/BHVP_PH_CetaitParis_DP_0122_01_137.jpg,/Users/anastasia/Documents/paris-assets/122-renamed/69_slide.jpg
/Users/anastasia/Documents/paris-assets/BHVP_PH_CetaitParis_DP_0122_01_JPG-quality-20/BHVP_PH_CetaitParis_DP_0122_01_057.jpg,/Users/anastasia/Documents/paris-assets/122-renamed/29_slide.jpg
/Users/anastasia/Documents/paris-assets/BHVP_PH_CetaitParis_DP_0122_01_JPG-quality-20/BHVP_PH_CetaitParis_DP_0122_01_043.jpg,/Users/anastasia/Documents/paris-assets/122-renamed/22_slide.jpg
/Users/anastasia/Documents/paris-assets/BHVP_PH_CetaitParis_DP_0122_01_JPG-quality-20/BHVP_PH_CetaitParis_DP_0122_01_094.jpg,/Users/anastasia/Documents/paris-assets/122-renamed/47_photo.jpg
/Users/anastasia/Documents/paris-assets/BHVP_PH_CetaitParis_DP_0122_01_JPG-quality-20/BHVP_PH_CetaitParis_DP_0122_01_080.jpg,/Users/anastasia/Documents/paris-assets/122-renamed/40_photo.jpg
/Users/anastasia/Documents/paris-assets/BHVP_PH_CetaitParis_DP_0122_01_JPG-quality-20/BHVP_PH_CetaitParis_DP_0122_01_096.jpg,/Users/anastasia/Documents/paris-assets/122-renamed/48_photo.jpg
/Users/anastasia/Documents/paris-assets/BHVP_PH_CetaitParis_DP_0122_01_JPG-quality-20/BHVP_PH_CetaitParis_DP_0122_01_082.jpg,/Users/anastasia/Documents/paris-assets/122-renamed/41_photo.jpg
/Users/anastasia/Documents/paris-assets/BHVP_PH_CetaitParis_DP_0122_01_JPG-quality-20/BHVP_PH_CetaitParis_DP_0122_01_069.jpg,/Users/anastasia/Documents/paris-assets/122-renamed/35_slide.jpg
/Users/anastasia/Documents/paris-assets/BHVP_PH_CetaitParis_DP_0122_01_JPG-quality-20/BHVP_PH_CetaitParis_DP_0122_01_055.jpg,/Users/anastasia/Documents/paris-assets/122-renamed/28_slide.jpg
/Users/anastasia/Documents/paris-assets/BHVP_PH_CetaitParis_DP_0122_01_JPG-quality-20/BHVP_PH_CetaitParis_DP_0122_01_041.jpg,/Users/anastasia/Documents/paris-assets/122-renamed/21_slide.jpg
/Users/anastasia/Documents/paris-assets/BHVP_PH_CetaitParis_DP_0122_01_JPG-quality-20/BHVP_PH_CetaitParis_DP_0122_01_109.jpg,/Users/anastasia/Documents/paris-assets/122-renamed/55_slide.jpg
/Users/anastasia/Documents/paris-assets/BHVP_PH_CetaitParis_DP_0122_01_JPG-quality-20/BHVP_PH_CetaitParis_DP_0122_01_121.jpg,/Users/anastasia/Documents/paris-assets/122-renamed/61_slide.jpg
/Users/anastasia/Documents/paris-assets/BHVP_PH_CetaitParis_DP_0122_01_JPG-quality-20/BHVP_PH_CetaitParis_DP_0122_01_135.jpg,/Users/anastasia/Documents/paris-assets/122-renamed/68_slide.jpg
/Users/anastasia/Documents/paris-assets/BHVP_PH_CetaitParis_DP_0122_01_JPG-quality-20/BHVP_PH_CetaitParis_DP_0122_01_134.jpg,/Users/anastasia/Documents/paris-assets/122-renamed/67_photo.jpg
/Users/anastasia/Documents/paris-assets/BHVP_PH_CetaitParis_DP_0122_01_JPG-quality-20/BHVP_PH_CetaitParis_DP_0122_01_120.jpg,/Users/anastasia/Documents/paris-assets/122-renamed/60_photo.jpg
/Users/anastasia/Documents/paris-assets/BHVP_PH_CetaitParis_DP_0122_01_JPG-quality-20/BHVP_PH_CetaitParis_DP_0122_01_108.jpg,/Users/anastasia/Documents/paris-assets/122-renamed/54_photo.jpg
/Users/anastasia/Documents/paris-assets/BHVP_PH_CetaitParis_DP_0122_01_JPG-quality-20/BHVP_PH_CetaitParis_DP_0122_01_040.jpg,/Users/anastasia/Documents/paris-assets/122-renamed/20_photo.jpg
/Users/anastasia/Documents/paris-assets/BHVP_PH_CetaitParis_DP_0122_01_JPG-quality-20/BHVP_PH_CetaitParis_DP_0122_01_054.jpg,/Users/anastasia/Documents/paris-assets/122-renamed/27_photo.jpg
/Users/anastasia/Documents/paris-assets/BHVP_PH_CetaitParis_DP_0122_01_JPG-quality-20/BHVP_PH_CetaitParis_DP_0122_01_068.jpg,/Users/anastasia/Documents/paris-assets/122-renamed/34_photo.jpg
/Users/anastasia/Documents/paris-assets/BHVP_PH_CetaitParis_DP_0122_01_JPG-quality-20/BHVP_PH_CetaitParis_DP_0122_01_083.jpg,/Users/anastasia/Documents/paris-assets/122-renamed/42_slide.jpg
/Users/anastasia/Documents/paris-assets/BHVP_PH_CetaitParis_DP_0122_01_JPG-quality-20/BHVP_PH_CetaitParis_DP_0122_01_097.jpg,/Users/anastasia/Documents/paris-assets/122-renamed/49_slide.jpg
/Users/anastasia/Documents/paris-assets/BHVP_PH_CetaitParis_DP_0122_01_JPG-quality-20/BHVP_PH_CetaitParis_DP_0122_01_093.jpg,/Users/anastasia/Documents/paris-assets/122-renamed/47_slide.jpg
/Users/anastasia/Documents/paris-assets/BHVP_PH_CetaitParis_DP_0122_01_JPG-quality-20/BHVP_PH_CetaitParis_DP_0122_01_087.jpg,/Users/anastasia/Documents/paris-assets/122-renamed/44_slide.jpg
/Users/anastasia/Documents/paris-assets/BHVP_PH_CetaitParis_DP_0122_01_JPG-quality-20/BHVP_PH_CetaitParis_DP_0122_01_050.jpg,/Users/anastasia/Documents/paris-assets/122-renamed/25_photo.jpg
/Users/anastasia/Documents/paris-assets/BHVP_PH_CetaitParis_DP_0122_01_JPG-quality-20/BHVP_PH_CetaitParis_DP_0122_01_044.jpg,/Users/anastasia/Documents/paris-assets/122-renamed/22_photo.jpg
/Users/anastasia/Documents/paris-assets/BHVP_PH_CetaitParis_DP_0122_01_JPG-quality-20/BHVP_PH_CetaitParis_DP_0122_01_078.jpg,/Users/anastasia/Documents/paris-assets/122-renamed/39_photo.jpg
/Users/anastasia/Documents/paris-assets/BHVP_PH_CetaitParis_DP_0122_01_JPG-quality-20/BHVP_PH_CetaitParis_DP_0122_01_124.jpg,/Users/anastasia/Documents/paris-assets/122-renamed/62_photo.jpg
/Users/anastasia/Documents/paris-assets/BHVP_PH_CetaitParis_DP_0122_01_JPG-quality-20/BHVP_PH_CetaitParis_DP_0122_01_130.jpg,/Users/anastasia/Documents/paris-assets/122-renamed/65_photo.jpg
/Users/anastasia/Documents/paris-assets/BHVP_PH_CetaitParis_DP_0122_01_JPG-quality-20/BHVP_PH_CetaitParis_DP_0122_01_118.jpg,/Users/anastasia/Documents/paris-assets/122-renamed/59_photo.jpg
/Users/anastasia/Documents/paris-assets/BHVP_PH_CetaitParis_DP_0122_01_JPG-quality-20/BHVP_PH_CetaitParis_DP_0122_01_119.jpg,/Users/anastasia/Documents/paris-assets/122-renamed/60_slide.jpg
/Users/anastasia/Documents/paris-assets/BHVP_PH_CetaitParis_DP_0122_01_JPG-quality-20/BHVP_PH_CetaitParis_DP_0122_01_131.jpg,/Users/anastasia/Documents/paris-assets/122-renamed/66_slide.jpg
/Users/anastasia/Documents/paris-assets/BHVP_PH_CetaitParis_DP_0122_01_JPG-quality-20/BHVP_PH_CetaitParis_DP_0122_01_125.jpg,/Users/anastasia/Documents/paris-assets/122-renamed/63_slide.jpg
/Users/anastasia/Documents/paris-assets/BHVP_PH_CetaitParis_DP_0122_01_JPG-quality-20/BHVP_PH_CetaitParis_DP_0122_01_079.jpg,/Users/anastasia/Documents/paris-assets/122-renamed/40_slide.jpg
/Users/anastasia/Documents/paris-assets/BHVP_PH_CetaitParis_DP_0122_01_JPG-quality-20/BHVP_PH_CetaitParis_DP_0122_01_045.jpg,/Users/anastasia/Documents/paris-assets/122-renamed/23_slide.jpg
/Users/anastasia/Documents/paris-assets/BHVP_PH_CetaitParis_DP_0122_01_JPG-quality-20/BHVP_PH_CetaitParis_DP_0122_01_051.jpg,/Users/anastasia/Documents/paris-assets/122-renamed/26_slide.jpg
/Users/anastasia/Documents/paris-assets/BHVP_PH_CetaitParis_DP_0122_01_JPG-quality-20/BHVP_PH_CetaitParis_DP_0122_01_086.jpg,/Users/anastasia/Documents/paris-assets/122-renamed/43_photo.jpg
/Users/anastasia/Documents/paris-assets/BHVP_PH_CetaitParis_DP_0122_01_JPG-quality-20/BHVP_PH_CetaitParis_DP_0122_01_092.jpg,/Users/anastasia/Documents/paris-assets/122-renamed/46_photo.jpg
/Users/anastasia/Documents/paris-assets/BHVP_PH_CetaitParis_DP_0122_01_JPG-quality-20/BHVP_PH_CetaitParis_DP_0122_01_084.jpg,/Users/anastasia/Documents/paris-assets/122-renamed/42_photo.jpg
/Users/anastasia/Documents/paris-assets/BHVP_PH_CetaitParis_DP_0122_01_JPG-quality-20/BHVP_PH_CetaitParis_DP_0122_01_090.jpg,/Users/anastasia/Documents/paris-assets/122-renamed/45_photo.jpg
/Users/anastasia/Documents/paris-assets/BHVP_PH_CetaitParis_DP_0122_01_JPG-quality-20/BHVP_PH_CetaitParis_DP_0122_01_047.jpg,/Users/anastasia/Documents/paris-assets/122-renamed/24_slide.jpg
/Users/anastasia/Documents/paris-assets/BHVP_PH_CetaitParis_DP_0122_01_JPG-quality-20/BHVP_PH_CetaitParis_DP_0122_01_053.jpg,/Users/anastasia/Documents/paris-assets/122-renamed/27_slide.jpg
/Users/anastasia/Documents/paris-assets/BHVP_PH_CetaitParis_DP_0122_01_JPG-quality-20/BHVP_PH_CetaitParis_DP_0122_01_133.jpg,/Users/anastasia/Documents/paris-assets/122-renamed/67_slide.jpg
/Users/anastasia/Documents/paris-assets/BHVP_PH_CetaitParis_DP_0122_01_JPG-quality-20/BHVP_PH_CetaitParis_DP_0122_01_127.jpg,/Users/anastasia/Documents/paris-assets/122-renamed/64_slide.jpg
/Users/anastasia/Documents/paris-assets/BHVP_PH_CetaitParis_DP_0122_01_JPG-quality-20/BHVP_PH_CetaitParis_DP_0122_01_126.jpg,/Users/anastasia/Documents/paris-assets/122-renamed/63_photo.jpg
/Users/anastasia/Documents/paris-assets/BHVP_PH_CetaitParis_DP_0122_01_JPG-quality-20/BHVP_PH_CetaitParis_DP_0122_01_132.jpg,/Users/anastasia/Documents/paris-assets/122-renamed/66_photo.jpg
/Users/anastasia/Documents/paris-assets/BHVP_PH_CetaitParis_DP_0122_01_JPG-quality-20/BHVP_PH_CetaitParis_DP_0122_01_052.jpg,/Users/anastasia/Documents/paris-assets/122-renamed/26_photo.jpg
/Users/anastasia/Documents/paris-assets/BHVP_PH_CetaitParis_DP_0122_01_JPG-quality-20/BHVP_PH_CetaitParis_DP_0122_01_046.jpg,/Users/anastasia/Documents/paris-assets/122-renamed/23_photo.jpg
/Users/anastasia/Documents/paris-assets/BHVP_PH_CetaitParis_DP_0122_01_JPG-quality-20/BHVP_PH_CetaitParis_DP_0122_01_091.jpg,/Users/anastasia/Documents/paris-assets/122-renamed/46_slide.jpg
/Users/anastasia/Documents/paris-assets/BHVP_PH_CetaitParis_DP_0122_01_JPG-quality-20/BHVP_PH_CetaitParis_DP_0122_01_085.jpg,/Users/anastasia/Documents/paris-assets/122-renamed/43_slide.jpg
/Users/anastasia/Documents/paris-assets/BHVP_PH_CetaitParis_DP_0122_01_JPG-quality-20/BHVP_PH_CetaitParis_DP_0122_01_009.jpg,/Users/anastasia/Documents/paris-assets/122-renamed/5_slide.jpg
/Users/anastasia/Documents/paris-assets/BHVP_PH_CetaitParis_DP_0122_01_JPG-quality-20/BHVP_PH_CetaitParis_DP_0122_01_021.jpg,/Users/anastasia/Documents/paris-assets/122-renamed/11_slide.jpg
/Users/anastasia/Documents/paris-assets/BHVP_PH_CetaitParis_DP_0122_01_JPG-quality-20/BHVP_PH_CetaitParis_DP_0122_01_035.jpg,/Users/anastasia/Documents/paris-assets/122-renamed/18_slide.jpg
/Users/anastasia/Documents/paris-assets/BHVP_PH_CetaitParis_DP_0122_01_JPG-quality-20/BHVP_PH_CetaitParis_DP_0122_01_182.jpg,/Users/anastasia/Documents/paris-assets/122-renamed/91_photo.jpg
/Users/anastasia/Documents/paris-assets/BHVP_PH_CetaitParis_DP_0122_01_JPG-quality-20/BHVP_PH_CetaitParis_DP_0122_01_169.jpg,/Users/anastasia/Documents/paris-assets/122-renamed/85_slide.jpg
/Users/anastasia/Documents/paris-assets/BHVP_PH_CetaitParis_DP_0122_01_JPG-quality-20/BHVP_PH_CetaitParis_DP_0122_01_155.jpg,/Users/anastasia/Documents/paris-assets/122-renamed/78_slide.jpg
/Users/anastasia/Documents/paris-assets/BHVP_PH_CetaitParis_DP_0122_01_JPG-quality-20/BHVP_PH_CetaitParis_DP_0122_01_141.jpg,/Users/anastasia/Documents/paris-assets/122-renamed/71_slide.jpg
/Users/anastasia/Documents/paris-assets/BHVP_PH_CetaitParis_DP_0122_01_JPG-quality-20/BHVP_PH_CetaitParis_DP_0122_01_140.jpg,/Users/anastasia/Documents/paris-assets/122-renamed/70_photo.jpg
/Users/anastasia/Documents/paris-assets/BHVP_PH_CetaitParis_DP_0122_01_JPG-quality-20/BHVP_PH_CetaitParis_DP_0122_01_154.jpg,/Users/anastasia/Documents/paris-assets/122-renamed/77_photo.jpg
/Users/anastasia/Documents/paris-assets/BHVP_PH_CetaitParis_DP_0122_01_JPG-quality-20/BHVP_PH_CetaitParis_DP_0122_01_168.jpg,/Users/anastasia/Documents/paris-assets/122-renamed/84_photo.jpg
/Users/anastasia/Documents/paris-assets/BHVP_PH_CetaitParis_DP_0122_01_JPG-quality-20/BHVP_PH_CetaitParis_DP_0122_01_183.jpg,/Users/anastasia/Documents/paris-assets/122-renamed/92_slide.jpg
/Users/anastasia/Documents/paris-assets/BHVP_PH_CetaitParis_DP_0122_01_JPG-quality-20/BHVP_PH_CetaitParis_DP_0122_01_034.jpg,/Users/anastasia/Documents/paris-assets/122-renamed/17_photo.jpg
/Users/anastasia/Documents/paris-assets/BHVP_PH_CetaitParis_DP_0122_01_JPG-quality-20/BHVP_PH_CetaitParis_DP_0122_01_020.jpg,/Users/anastasia/Documents/paris-assets/122-renamed/10_photo.jpg
/Users/anastasia/Documents/paris-assets/BHVP_PH_CetaitParis_DP_0122_01_JPG-quality-20/BHVP_PH_CetaitParis_DP_0122_01_008.jpg,/Users/anastasia/Documents/paris-assets/122-renamed/4_photo.jpg
/Users/anastasia/Documents/paris-assets/BHVP_PH_CetaitParis_DP_0122_01_JPG-quality-20/BHVP_PH_CetaitParis_DP_0122_01_036.jpg,/Users/anastasia/Documents/paris-assets/122-renamed/18_photo.jpg
/Users/anastasia/Documents/paris-assets/BHVP_PH_CetaitParis_DP_0122_01_JPG-quality-20/BHVP_PH_CetaitParis_DP_0122_01_022.jpg,/Users/anastasia/Documents/paris-assets/122-renamed/11_photo.jpg
/Users/anastasia/Documents/paris-assets/BHVP_PH_CetaitParis_DP_0122_01_JPG-quality-20/BHVP_PH_CetaitParis_DP_0122_01_181.jpg,/Users/anastasia/Documents/paris-assets/122-renamed/91_slide.jpg
/Users/anastasia/Documents/paris-assets/BHVP_PH_CetaitParis_DP_0122_01_JPG-quality-20/BHVP_PH_CetaitParis_DP_0122_01_142.jpg,/Users/anastasia/Documents/paris-assets/122-renamed/71_photo.jpg
/Users/anastasia/Documents/paris-assets/BHVP_PH_CetaitParis_DP_0122_01_JPG-quality-20/BHVP_PH_CetaitParis_DP_0122_01_156.jpg,/Users/anastasia/Documents/paris-assets/122-renamed/78_photo.jpg
/Users/anastasia/Documents/paris-assets/BHVP_PH_CetaitParis_DP_0122_01_JPG-quality-20/BHVP_PH_CetaitParis_DP_0122_01_157.jpg,/Users/anastasia/Documents/paris-assets/122-renamed/79_slide.jpg
/Users/anastasia/Documents/paris-assets/BHVP_PH_CetaitParis_DP_0122_01_JPG-quality-20/BHVP_PH_CetaitParis_DP_0122_01_143.jpg,/Users/anastasia/Documents/paris-assets/122-renamed/72_slide.jpg
/Users/anastasia/Documents/paris-assets/BHVP_PH_CetaitParis_DP_0122_01_JPG-quality-20/BHVP_PH_CetaitParis_DP_0122_01_180.jpg,/Users/anastasia/Documents/paris-assets/122-renamed/90_photo.jpg
/Users/anastasia/Documents/paris-assets/BHVP_PH_CetaitParis_DP_0122_01_JPG-quality-20/BHVP_PH_CetaitParis_DP_0122_01_023.jpg,/Users/anastasia/Documents/paris-assets/122-renamed/12_slide.jpg
/Users/anastasia/Documents/paris-assets/BHVP_PH_CetaitParis_DP_0122_01_JPG-quality-20/BHVP_PH_CetaitParis_DP_0122_01_037.jpg,/Users/anastasia/Documents/paris-assets/122-renamed/19_slide.jpg
/Users/anastasia/Documents/paris-assets/BHVP_PH_CetaitParis_DP_0122_01_JPG-quality-20/BHVP_PH_CetaitParis_DP_0122_01_033.jpg,/Users/anastasia/Documents/paris-assets/122-renamed/17_slide.jpg
/Users/anastasia/Documents/paris-assets/BHVP_PH_CetaitParis_DP_0122_01_JPG-quality-20/BHVP_PH_CetaitParis_DP_0122_01_027.jpg,/Users/anastasia/Documents/paris-assets/122-renamed/14_slide.jpg
/Users/anastasia/Documents/paris-assets/BHVP_PH_CetaitParis_DP_0122_01_JPG-quality-20/BHVP_PH_CetaitParis_DP_0122_01_184.jpg,/Users/anastasia/Documents/paris-assets/122-renamed/92_photo.jpg
/Users/anastasia/Documents/paris-assets/BHVP_PH_CetaitParis_DP_0122_01_JPG-quality-20/BHVP_PH_CetaitParis_DP_0122_01_147.jpg,/Users/anastasia/Documents/paris-assets/122-renamed/74_slide.jpg
/Users/anastasia/Documents/paris-assets/BHVP_PH_CetaitParis_DP_0122_01_JPG-quality-20/BHVP_PH_CetaitParis_DP_0122_01_153.jpg,/Users/anastasia/Documents/paris-assets/122-renamed/77_slide.jpg
/Users/anastasia/Documents/paris-assets/BHVP_PH_CetaitParis_DP_0122_01_JPG-quality-20/BHVP_PH_CetaitParis_DP_0122_01_152.jpg,/Users/anastasia/Documents/paris-assets/122-renamed/76_photo.jpg
/Users/anastasia/Documents/paris-assets/BHVP_PH_CetaitParis_DP_0122_01_JPG-quality-20/BHVP_PH_CetaitParis_DP_0122_01_146.jpg,/Users/anastasia/Documents/paris-assets/122-renamed/73_photo.jpg
/Users/anastasia/Documents/paris-assets/BHVP_PH_CetaitParis_DP_0122_01_JPG-quality-20/BHVP_PH_CetaitParis_DP_0122_01_185.jpg,/Users/anastasia/Documents/paris-assets/122-renamed/93_slide.jpg
/Users/anastasia/Documents/paris-assets/BHVP_PH_CetaitParis_DP_0122_01_JPG-quality-20/BHVP_PH_CetaitParis_DP_0122_01_026.jpg,/Users/anastasia/Documents/paris-assets/122-renamed/13_photo.jpg
/Users/anastasia/Documents/paris-assets/BHVP_PH_CetaitParis_DP_0122_01_JPG-quality-20/BHVP_PH_CetaitParis_DP_0122_01_032.jpg,/Users/anastasia/Documents/paris-assets/122-renamed/16_photo.jpg
/Users/anastasia/Documents/paris-assets/BHVP_PH_CetaitParis_DP_0122_01_JPG-quality-20/BHVP_PH_CetaitParis_DP_0122_01_024.jpg,/Users/anastasia/Documents/paris-assets/122-renamed/12_photo.jpg
/Users/anastasia/Documents/paris-assets/BHVP_PH_CetaitParis_DP_0122_01_JPG-quality-20/BHVP_PH_CetaitParis_DP_0122_01_030.jpg,/Users/anastasia/Documents/paris-assets/122-renamed/15_photo.jpg
/Users/anastasia/Documents/paris-assets/BHVP_PH_CetaitParis_DP_0122_01_JPG-quality-20/BHVP_PH_CetaitParis_DP_0122_01_018.jpg,/Users/anastasia/Documents/paris-assets/122-renamed/9_photo.jpg
/Users/anastasia/Documents/paris-assets/BHVP_PH_CetaitParis_DP_0122_01_JPG-quality-20/BHVP_PH_CetaitParis_DP_0122_01_187.jpg,/Users/anastasia/Documents/paris-assets/122-renamed/94_slide.jpg
/Users/anastasia/Documents/paris-assets/BHVP_PH_CetaitParis_DP_0122_01_JPG-quality-20/BHVP_PH_CetaitParis_DP_0122_01_150.jpg,/Users/anastasia/Documents/paris-assets/122-renamed/75_photo.jpg
/Users/anastasia/Documents/paris-assets/BHVP_PH_CetaitParis_DP_0122_01_JPG-quality-20/BHVP_PH_CetaitParis_DP_0122_01_144.jpg,/Users/anastasia/Documents/paris-assets/122-renamed/72_photo.jpg
/Users/anastasia/Documents/paris-assets/BHVP_PH_CetaitParis_DP_0122_01_JPG-quality-20/BHVP_PH_CetaitParis_DP_0122_01_178.jpg,/Users/anastasia/Documents/paris-assets/122-renamed/89_photo.jpg
/Users/anastasia/Documents/paris-assets/BHVP_PH_CetaitParis_DP_0122_01_JPG-quality-20/BHVP_PH_CetaitParis_DP_0122_01_179.jpg,/Users/anastasia/Documents/paris-assets/122-renamed/90_slide.jpg
/Users/anastasia/Documents/paris-assets/BHVP_PH_CetaitParis_DP_0122_01_JPG-quality-20/BHVP_PH_CetaitParis_DP_0122_01_145.jpg,/Users/anastasia/Documents/paris-assets/122-renamed/73_slide.jpg
/Users/anastasia/Documents/paris-assets/BHVP_PH_CetaitParis_DP_0122_01_JPG-quality-20/BHVP_PH_CetaitParis_DP_0122_01_151.jpg,/Users/anastasia/Documents/paris-assets/122-renamed/76_slide.jpg
/Users/anastasia/Documents/paris-assets/BHVP_PH_CetaitParis_DP_0122_01_JPG-quality-20/BHVP_PH_CetaitParis_DP_0122_01_186.jpg,/Users/anastasia/Documents/paris-assets/122-renamed/93_photo.jpg
/Users/anastasia/Documents/paris-assets/BHVP_PH_CetaitParis_DP_0122_01_JPG-quality-20/BHVP_PH_CetaitParis_DP_0122_01_019.jpg,/Users/anastasia/Documents/paris-assets/122-renamed/10_slide.jpg
/Users/anastasia/Documents/paris-assets/BHVP_PH_CetaitParis_DP_0122_01_JPG-quality-20/BHVP_PH_CetaitParis_DP_0122_01_031.jpg,/Users/anastasia/Documents/paris-assets/122-renamed/16_slide.jpg
/Users/anastasia/Documents/paris-assets/BHVP_PH_CetaitParis_DP_0122_01_JPG-quality-20/BHVP_PH_CetaitParis_DP_0122_01_025.jpg,/Users/anastasia/Documents/paris-assets/122-renamed/13_slide.jpg
